"";"Sample_fcm";"Sample_seq";"D0.fcm";"D1.fcm";"D2.fcm";"sd.D0.fcm";"sd.D1.fcm";"sd.D2.fcm";"D0";"sd.D0";"D0.bre";"sd.D0.bre";"D0.chao";"sd.D0.chao";"D1";"sd.D1";"D2";"sd.D2"
"1";"CYCLUS1_BEKKEN_-3_B_SYBR_PRECYCLE";6;7829,57666666667;1804,11159785855;1075,50914829761;64,4509290537556;10,4639067707392;6,36916219189833;255,3333333;5,686240703;NA;NA;1074,644737;153,652727;6,624994179;0,019170667;3,623041555;0,021351392
"2";"CYCLUS1_BEKKEN_-7_A_SYBR_PRECYCLE";1;8397,01333333333;1851,70891001104;1097,6579855686;77,2946314105538;10,675147654129;6,15161650135174;452;7,810249676;NA;NA;2261,408333;265,256376;8,441041202;0,063257918;5,107370078;0,006899362
"3";"CYCLUS1_BEKKEN_0_6h_SYBR_START";12;7976,46;1769,8399638784;1042,3313530716;77,3144424273781;15,4888234739962;9,42031923884849;316,3333333;5,131601439;NA;NA;1357,267442;182,6421664;6,109915439;0,05993403;3,020573793;0,017003222
"4";"CYCLUS1_BEKKEN_1_A_SYBR_OPERATION";14;8503,29666666667;1740,78369848839;1048,80399868093;57,8001317479344;7,81501146619246;4,75390127920547;224;5,291502622;NA;NA;918,05;126,0618105;5,620997271;0,03082703;3,263879319;0,018926966
"5";"CYCLUS1_BEKKEN_1_B_SYBR_OPERATION";15;7735,09;1607,39096779894;960,759446794032;135,791362006243;27,3867866739362;16,3477432026456;411,3333333;7,094598885;NA;NA;1635,507937;180,5180099;6,948854878;0,052539362;3,152668727;0,017512359
"6";"CYCLUS1_BEKKEN_14_A_SYBR_OPERATION";27;10383,19;2275,05612312302;1284,83063181205;187,742457230413;34,138553363503;19,8631808789909;354;5,291502622;NA;NA;1304,5;158,4408568;9,535877113;0,21469512;4,370061092;0,058175675
"7";"CYCLUS1_BEKKEN_19_A_SYBR_OPERATION";31;6745,25333333333;1483,48016265153;844,996680276598;71,3430021138533;10,1638237556918;5,53317957734316;199,3333333;4,725815626;NA;NA;829,7794118;124,868123;2,656051649;0,045344092;1,421122233;0,01105321
"8";"CYCLUS1_BEKKEN_2_A_SYBR_OPERATION";16;7753,37333333333;1626,84331216348;987,507970464791;78,3590712068746;14,4077115917971;8,81321893373301;272;5,567764363;NA;NA;1253,375;168,4821369;4,760199976;0,11150232;2,556188465;0,033423235
"9";"CYCLUS1_BEKKEN_2_B_SYBR_OPERATION";17;7771,05333333333;1621,67626355951;988,692594598232;110,656954768366;22,1116716175697;13,5916582592408;312,3333333;3,511884584;NA;NA;1542,260417;203,0268227;4,394586799;0,04775646;2,547636696;0,002790633
"10";"CYCLUS1_BEKKEN_23_A_SYBR_POSTCYCLE";36;7602,17333333333;1700,88528058583;954,69096628443;112,877844047305;24,3481879046454;13,7769867814485;309,6666667;2,081665999;NA;NA;1298,532609;167,5003556;4,66993703;0,080506389;2,214302623;0,024920176
"11";"CYCLUS1_BEKKEN_24_A_SYBR_POSTCYCLE";91;7675,15;1695,36138453839;958,178876288218;64,5270298943082;8,45349677245301;4,56138714794507;418;12,16552506;NA;NA;2123,056604;266,4697584;5,259775664;0,031983056;2,193764672;0,013593954
"12";"CYCLUS1_BEKKEN_25_A_SYBR_POSTCYCLE";37;7671,69;1688,87384091776;933,502611275313;89,7750186469708;17,6493187228871;10,2477635661523;302;6,557438524;NA;NA;1415,636364;192,1479364;4,737553954;0,08797188;2,071661704;0,010710626
"13";"CYCLUS1_BEKKEN_26_A_SYBR_POSTCYCLE";38;7638,60333333333;1705,83544446754;955,273636508165;98,9832580590376;18,3044033807117;10,1757822576438;293,6666667;4,041451884;NA;NA;1098,509091;127,9148765;5,838811494;0,033803103;2,427940007;0,028239582
"14";"CYCLUS1_BEKKEN_3_A_SYBR_OPERATION";18;7702,24666666667;1595,93703135397;971,129391305426;50,4191582154196;6,26920181695672;3,62930087494454;165,6666667;0,577350269;NA;NA;673,4;107,4179315;4,074354457;0,04332351;2,629902577;0,015103959
"15";"CYCLUS1_BEKKEN_3_B_SYBR_OPERATION";19;7442,02666666667;1593,12769742154;973,424284232425;49,4964062453114;5,43572108241683;3,12557732265151;191;5;NA;NA;793,0166667;128,1109242;4,193886195;0,017088641;2,599256765;0,004407471
"16";"CYCLUS1_BEKKEN_4_A_SYBR_OPERATION";20;8285,93;1731,33547298297;1047,51557509361;153,215300017236;31,1044502609326;18,8683115257687;211,6666667;8,082903769;NA;NA;689,5789474;92,49130653;4,872154071;0,101962175;2,785760435;0,035006243
"17";"CYCLUS1_BEKKEN_4_B_SYBR_OPERATION";21;9339,31333333333;1980,60833795493;1229,85088013382;104,536454421557;18,4355699610401;11,4046052773549;186;5,291502622;NA;NA;1114,568182;219,7185705;4,978542525;0,062331312;3,091647121;0,023929165
"18";"CYCLUS1_BEKKEN_6_A_SYBR_OPERATION";23;9538,9;2141,78367263835;1215,16762254037;146,542881571127;28,503457662194;15,9607655266891;478,6666667;11,01514109;NA;NA;2378,389831;281,1911453;5,999296362;0,05126076;2,560865312;0,018021912
"19";"CYCLUS2_BEKKEN_-1_B_SYBR_PRECYCLE";42;10152,99;2282,90400887102;1323,58230392932;113,171343481509;13,9975444478358;8,51792173201616;724,3333333;21,07921567;NA;NA;3013,019608;261,2013344;24,995772;0,348148222;9,544952929;0,039419059
"20";"CYCLUS2_BEKKEN_-4_B_SYBR_PRECYCLE";41;9387,68;2142,4223081729;1251,07437616205;99,2687794444486;12,0576484846856;7,20571934928916;531,3333333;16,2583312;NA;NA;2209,054217;212,9127381;20,35442065;0,327310888;8,646198368;0,10725685
"21";"CYCLUS2_BEKKEN_-6_B_SYBR_PRECYCLE";40;9772,29666666667;2193,59790661542;1244,73417882323;122,466423397224;19,5303453896281;11,4588052028285;545,3333333;8,96288644;NA;NA;2253,076923;223,0962107;26,7823531;0,129438791;10,91863031;0,080790434
"22";"CYCLUS2_BEKKEN_-7_B_SYBR_PRECYCLE";39;9991,03;2254,11360204276;1267,03681931082;102,979157284456;12,89942457689;7,5494199699989;430,6666667;3,511884584;NA;NA;1363,104478;133,7884737;22,7709536;0,403371755;10,34144442;0,100363
"23";"CYCLUS2_BEKKEN_0_0h_SYBR_START";43;10963,9;2489,25826024071;1437,58043914024;199,994133303405;39,691757145268;23,6317957771101;542;8,544003745;NA;NA;2507,882353;272,2568377;28,18525456;0,389268537;10,67375155;0,079236704
"24";"CYCLUS2_BEKKEN_0_10h_SYBR_START";48;9911,04333333333;2170,29130822119;1243,99726905857;101,813580388449;13,9394879765194;8,22338792206876;729,6666667;15,17673658;NA;NA;2660;206,8831666;15,81957889;0,238527216;6,347106556;0,092889571
"25";"CYCLUS2_BEKKEN_0_12h_SYBR_START";49;9106,26333333333;2017,90280836081;1132,84855950369;90,8803415876785;12,8894226722435;7,01544774762192;321;10,53565375;NA;NA;1541;197,9449924;5,541516365;0,188411024;2,390123737;0,03659708
"26";"CYCLUS2_BEKKEN_0_2h_SYBR_START";44;12045,0566666667;2723,19308423194;1627,30493636315;148,754577252761;25,0756260539523;14,813905629232;566,3333333;6,506407099;NA;NA;1814,6875;150,0983869;35,04102941;0,610582372;12,43600181;0,16513441
"27";"CYCLUS2_BEKKEN_0_4h_SYBR_START";45;12035,0033333333;2886,55084917652;1795,50633276742;217,370515890383;43,3326705086901;26,4077648652995;500,6666667;8,96288644;NA;NA;1678,16092;149,1423636;23,38006936;0,498741639;6,968194123;0,101104476
"28";"CYCLUS2_BEKKEN_0_6h_SYBR_START";46;11644,6733333333;2659,26643230492;1586,01235424308;116,400494636042;11,9181880585354;7,41422449557666;520;4,582575695;NA;NA;1895,798851;172,934469;18,20806617;0,668985669;4,960409492;0,135290748
"29";"CYCLUS2_BEKKEN_0_8h_SYBR_START";47;10816,9033333333;2332,53143955176;1364,13052909583;150,24918512882;24,9754884914198;14,5033649235947;925,3333333;22,27853975;NA;NA;3127,906475;220,1971629;23,03296119;0,302752437;5,835199697;0,050939666
"30";"CYCLUS2_BEKKEN_1_A_SYBR_OPERATION";51;8330,4;1742,56333847514;979,259665362943;95,1580753491403;17,3222875874811;9,81691680809337;290,3333333;6,110100927;NA;NA;995,1272727;113,7546554;5,938261431;0,006892756;2,831987817;0,013716895
"31";"CYCLUS2_BEKKEN_11_A_SYBR_OPERATION";61;6957,81666666667;1550,15343775224;846,723062044529;93,0413716915233;17,3954828327448;9,65701203852558;308,3333333;9,865765725;NA;NA;1480,211111;199,2632671;2,839715103;0,008849674;1,497167859;0,003782761
"32";"CYCLUS2_BEKKEN_12_A_SYBR_OPERATION";62;7098,98;1581,66834004318;864,198775643117;119,739737498674;23,918565499131;13,4204884914714;282,3333333;12,50333289;NA;NA;1346,440476;188,2716219;3,249036158;0,027006362;1,597855223;0,008261315
"33";"CYCLUS2_BEKKEN_14_A_SYBR_OPERATION";63;7279,38333333333;1634,42221892071;886,881547995822;97,3749151873526;14,6487933040191;7,83359981300836;204,6666667;3,785938897;NA;NA;1084,307692;194,9187149;2,357748255;0,034812575;1,333140146;0,005571045
"34";"CYCLUS2_BEKKEN_16_A_SYBR_OPERATION";64;8002,73333333333;1729,30679281597;973,393176108046;205,719466343786;40,3990720706873;23,2300959627211;257;14,10673598;NA;NA;1299,716216;194,5153113;1,917089981;0,044645337;1,205453154;0,007701798
"35";"CYCLUS2_BEKKEN_17_B_SYBR_OPERATION";66;6605,03666666667;1465,52033549511;833,323211616325;105,990865233316;19,6474014084049;11,1619677675636;302,3333333;10,69267662;NA;NA;1366,190476;189,4655353;2,02984707;0,024132636;1,229616033;0,003837099
"36";"CYCLUS2_BEKKEN_19_A_SYBR_OPERATION";67;7038,63666666667;1561,2507142844;881,825351389303;68,4637804741497;6,3357598688454;3,21600648793623;237;4,582575695;NA;NA;881,4285714;116,6776227;1,951575948;0,040383228;1,207280918;0,007103963
"37";"CYCLUS2_BEKKEN_20_B_SYBR_OPERATION";68;6592,63;1504,74272975843;852,73655098705;83,1225030679049;13,8195224639444;7,85892604730249;201;7,549834435;NA;NA;704,8125;94,66079708;2,238487776;0,070378468;1,276579126;0,014270971
"38";"CYCLUS2_BEKKEN_22_A_SYBR_OPERATION";69;7320,5;1649,44345141292;907,510191201546;125,678765236715;23,2987335887215;13,0445456529334;285,6666667;9,073771726;NA;NA;1006,264151;117,4870371;2,416146007;0,050251729;1,308780738;0,009334614
"39";"CYCLUS2_BEKKEN_24_B_SYBR_OPERATION";71;7082,61333333333;1597,53784577381;866,867307098157;164,413635866404;36,4521445494302;20,3598264537566;490,6666667;10,59874206;NA;NA;1915,450617;184,8247249;2,726955123;0,022767988;1,357073488;0,004284732
"40";"CYCLUS2_BEKKEN_26_A_SYBR_OPERATION";72;8626,06;1984,27284676339;1095,96317339237;111,690618969907;17,2896295623794;9,88150140527235;461;8,544003745;NA;NA;1547,720238;141,177985;3,299404843;0,019826479;1,505983691;0,003314383
"41";"CYCLUS2_BEKKEN_27_B_SYBR_OPERATION";73;8727,66;1991,56106299919;1082,04730672801;99,529857230678;14,6800367571407;8,40054283637946;313;13,11487705;NA;NA;1336,011364;179,5625337;3,216770159;0,066780071;1,530281417;0,007631088
"42";"CYCLUS2_BEKKEN_28_10h_SYBR_SHUTDOWN";74;7978,49;1850,29050692881;1022,13822076408;157,486793239603;32,1214148395664;18,4031578683401;439,3333333;11,2398102;NA;NA;2161,580357;260,230059;5,237078113;0,186537077;1,952817551;0,037432682
"43";"CYCLUS2_BEKKEN_29_B_SYBR_POSTCYCLE";75;8125,62666666667;1862,14076268465;1035,57627001759;74,9947971259313;9,63770343602082;5,40549884318734;461,3333333;8,504900548;NA;NA;1931,35;203,5220916;6,00754232;0,104175346;2,150455002;0,019157551
"44";"CYCLUS2_BEKKEN_3_B_SYBR_OPERATION";54;8184,62666666667;1764,00472774971;990,550762922112;125,428425223697;24,9070493168017;14,0289016050547;349;5,291502622;NA;NA;1494,035088;176,4966586;7,716114421;0,157337135;4,186213319;0,056130082
"45";"CYCLUS2_BEKKEN_31_A_SYBR_POSTCYCLE";77;8101,25333333333;1829,00416406943;992,780497216942;83,422316532346;13,7446788429777;7,49027634409792;327;1;NA;NA;1016,336066;106,2882407;5,696510639;0,063382434;2,080736419;0,02375309
"46";"CYCLUS2_BEKKEN_34_B_SYBR_POSTCYCLE";87;7668,83333333333;1751,09334820141;947,06813864089;106,325445281239;19,7011609510335;11,1775953233691;300,6666667;5,686240703;NA;NA;1221;151,670965;4,976611083;0,040219411;1,923354253;0,011827585
"47";"CYCLUS2_BEKKEN_35_A_SYBR_POSTCYCLE";78;7718,58;1753,50268937858;959,632446227927;200,118065207633;42,0310727092873;24,154031223011;428;5,196152423;NA;NA;1587;153,2970972;5,529831822;0,071111031;1,99650654;0,022162763
"48";"CYCLUS2_BEKKEN_4_A_SYBR_OPERATION";55;8331,58666666667;1782,58878002502;995,988941300147;79,8617474019446;10,6414756021981;5,76184230536133;253,3333333;9,073771726;NA;NA;1199,132353;185,5258322;6,461180276;0,108439624;3,507557036;0,042019547
"49";"CYCLUS2_BEKKEN_4_B_SYBR_OPERATION";56;7985,97333333333;1727,73940740246;952,362701832782;135,12580454062;25,682874123799;14,5806107125751;320,3333333;1,527525232;NA;NA;1527,806122;197,6934608;7,499785061;0,173072189;3,997232609;0,031328942
"50";"CYCLUS2_BEKKEN_7_A_SYBR_OPERATION";59;9842,95333333333;2347,04633826037;1309,05583782888;91,9026585752483;10,674623179276;6,24276215962867;469,3333333;5,507570547;NA;NA;2278,623077;254,7847249;8,626933883;0,100526874;3,981320504;0,013577091
"51";"CYCLUS2_BEKKEN_9_A_SYBR_OPERATION";60;9119,94;2121,63119242722;1178,58217135304;122,192598338297;21,3231177944796;11,9489953373502;293,3333333;6,658328118;NA;NA;969,5089286;107,5548426;4,126144116;0,033313775;1,841961984;0,01503374
